,Locality,Type of Property,Sub Type,Price,No of Rooms,Area
0,"Huis, Kopen | België, Antwerpen, Antwerpen-Centrum",Huis,Historische pand,"12,500,000",5,"20.343,79 sqft"
1,"Huis, Kopen | België, Antwerpen, Antwerpen-Centrum",Huis,Historische pand,"12,500,000",5,"20.343,79 sqft"
2,"Huis, Kopen | België, Antwerpen, Antwerpen-Centrum",Huis,Historische pand,"12,500,000",5,"20.343,79 sqft"
3,"Huis, Kopen | België, Antwerpen, Antwerpen-Centrum",Huis,Historische pand,"12,500,000",5,"20.343,79 sqft"
4,"Huis, Kopen | België, Antwerpen, Antwerpen-Centrum",Huis,Historische pand,"12,500,000",5,"20.343,79 sqft"
5,"Huis, Kopen | België, Antwerpen, Antwerpen-Centrum",Huis,Historische pand,"12,500,000",5,"20.343,79 sqft"
6,"Huis, Kopen | België, Antwerpen, Antwerpen-Centrum",Huis,Historische pand,"12,500,000",5,"20.343,79 sqft"
7,"Huis, Kopen | België, Antwerpen, Antwerpen-Centrum",Huis,Historische pand,"12,500,000",5,"20.343,79 sqft"
8,"Huis, Kopen | België, Antwerpen, Antwerpen-Centrum",Huis,Historische pand,"12,500,000",5,"20.343,79 sqft"
9,"Huis, Kopen | België, Antwerpen, Antwerpen-Centrum",Huis,Historische pand,"12,500,000",5,"20.343,79 sqft"
10,"Huis, Kopen | België, Antwerpen, Antwerpen-Centrum",Huis,Historische pand,"12,500,000",5,"20.343,79 sqft"
11,"Huis, Kopen | België, Antwerpen, Antwerpen-Centrum",Huis,Historische pand,"12,500,000",5,"20.343,79 sqft"
12,"Huis, Kopen | België, Antwerpen, Antwerpen-Centrum",Huis,Historische pand,"12,500,000",5,"20.343,79 sqft"
13,"Huis, Kopen | België, Antwerpen, Antwerpen-Centrum",Huis,Historische pand,"12,500,000",5,"20.343,79 sqft"
14,"Huis, Kopen | België, Antwerpen, Antwerpen-Centrum",Huis,Historische pand,"12,500,000",5,"20.343,79 sqft"
15,"Huis, Kopen | België, Antwerpen, Antwerpen-Centrum",Huis,Historische pand,"12,500,000",5,"20.343,79 sqft"
16,"Huis, Kopen | België, Antwerpen, Antwerpen-Centrum",Huis,Historische pand,"12,500,000",5,"20.343,79 sqft"
17,"Huis, Kopen | België, Antwerpen, Antwerpen-Centrum",Huis,Historische pand,"12,500,000",5,"20.343,79 sqft"
18,"Huis, Kopen | België, Antwerpen, Antwerpen-Centrum",Huis,Historische pand,"12,500,000",5,"20.343,79 sqft"
19,"Huis, Kopen | België, Antwerpen, Antwerpen-Centrum",Huis,Historische pand,"12,500,000",5,"20.343,79 sqft"
20,"Huis, Kopen | België, Antwerpen, Antwerpen-Centrum",Huis,Historische pand,"12,500,000",5,"20.343,79 sqft"
21,"Huis, Kopen | België, Antwerpen, Antwerpen-Centrum",Huis,Historische pand,"12,500,000",5,"20.343,79 sqft"
22,"Huis, Kopen | België, Antwerpen, Antwerpen-Centrum",Huis,Historische pand,"12,500,000",5,"20.343,79 sqft"
23,"Huis, Kopen | België, Antwerpen, Antwerpen-Centrum",Huis,Historische pand,"12,500,000",5,"20.343,79 sqft"
24,"Huis, Kopen | België, Antwerpen, Antwerpen-Centrum",Huis,Historische pand,"12,500,000",5,"20.343,79 sqft"
25,"Huis, Kopen | België, Antwerpen, Antwerpen-Centrum",Huis,Historische pand,"12,500,000",5,"20.343,79 sqft"
26,"Huis, Kopen | België, Antwerpen, Antwerpen-Centrum",Huis,Historische pand,"12,500,000",5,"20.343,79 sqft"
27,"Huis, Kopen | België, Antwerpen, Antwerpen-Centrum",Huis,Historische pand,"12,500,000",5,"20.343,79 sqft"
28,"Huis, Kopen | België, Antwerpen, Antwerpen-Centrum",Huis,Historische pand,"12,500,000",5,"20.343,79 sqft"
29,"Huis, Kopen | België, Antwerpen, Antwerpen-Centrum",Huis,Historische pand,"12,500,000",5,"20.343,79 sqft"
30,"Huis, Kopen | België, Antwerpen, Antwerpen-Centrum",Huis,Historische pand,"12,500,000",5,"20.343,79 sqft"
31,"Huis, Kopen | België, Antwerpen, Antwerpen-Centrum",Huis,Historische pand,"12,500,000",5,"20.343,79 sqft"
32,"Huis, Kopen | België, Antwerpen, Antwerpen-Centrum",Huis,Historische pand,"12,500,000",5,"20.343,79 sqft"
33,"Huis, Kopen | België, Antwerpen, Antwerpen-Centrum",Huis,Historische pand,"12,500,000",5,"20.343,79 sqft"
34,"Huis, Kopen | België, Antwerpen, Antwerpen-Centrum",Huis,Historische pand,"12,500,000",5,"20.343,79 sqft"
35,"Huis, Kopen | België, Antwerpen, Antwerpen-Centrum",Huis,Historische pand,"12,500,000",5,"20.343,79 sqft"
36,"Huis, Kopen | België, Antwerpen, Antwerpen-Centrum",Huis,Historische pand,"12,500,000",5,"20.343,79 sqft"
37,"Huis, Kopen | België, Antwerpen, Antwerpen-Centrum",Huis,Historische pand,"12,500,000",5,"20.343,79 sqft"
38,"Huis, Kopen | België, Antwerpen, Antwerpen-Centrum",Huis,Historische pand,"12,500,000",5,"20.343,79 sqft"
39,"Huis, Kopen | België, Antwerpen, Antwerpen-Centrum",Huis,Historische pand,"12,500,000",5,"20.343,79 sqft"
40,"Huis, Kopen | België, Antwerpen, Antwerpen-Centrum",Huis,Historische pand,"12,500,000",5,"20.343,79 sqft"
41,"Huis, Kopen | België, Antwerpen, Antwerpen-Centrum",Huis,Historische pand,"12,500,000",5,"20.343,79 sqft"
42,"Huis, Kopen | België, Antwerpen, Antwerpen-Centrum",Huis,Historische pand,"12,500,000",5,"20.343,79 sqft"
43,"Huis, Kopen | België, Antwerpen, Antwerpen-Centrum",Huis,Historische pand,"12,500,000",5,"20.343,79 sqft"
44,"Huis, Kopen | België, Antwerpen, Antwerpen-Centrum",Huis,Historische pand,"12,500,000",5,"20.343,79 sqft"
45,"Huis, Kopen | België, Antwerpen, Antwerpen-Centrum",Huis,Historische pand,"12,500,000",5,"20.343,79 sqft"
46,"Huis, Kopen | België, Antwerpen, Antwerpen-Centrum",Huis,Historische pand,"12,500,000",5,"20.343,79 sqft"
47,"Huis, Kopen | België, Antwerpen, Antwerpen-Centrum",Huis,Historische pand,"12,500,000",5,"20.343,79 sqft"
48,"Huis, Kopen | België, Antwerpen, Antwerpen-Centrum",Huis,Historische pand,"12,500,000",5,"20.343,79 sqft"
49,"Huis, Kopen | België, Antwerpen, Antwerpen-Centrum",Huis,Historische pand,"12,500,000",5,"20.343,79 sqft"
50,"Huis, Kopen | België, Antwerpen, Antwerpen-Centrum",Huis,Historische pand,"12,500,000",5,"20.343,79 sqft"
51,"Huis, Kopen | België, Antwerpen, Antwerpen-Centrum",Huis,Historische pand,"12,500,000",5,"20.343,79 sqft"
52,"Huis, Kopen | België, Antwerpen, Antwerpen-Centrum",Huis,Historische pand,"12,500,000",5,"20.343,79 sqft"
53,"Huis, Kopen | België, Antwerpen, Antwerpen-Centrum",Huis,Historische pand,"12,500,000",5,"20.343,79 sqft"
54,"Huis, Kopen | België, Antwerpen, Antwerpen-Centrum",Huis,Historische pand,"12,500,000",5,"20.343,79 sqft"
55,"Huis, Kopen | België, Antwerpen, Antwerpen-Centrum",Huis,Historische pand,"12,500,000",5,"20.343,79 sqft"
56,"Huis, Kopen | België, Antwerpen, Antwerpen-Centrum",Huis,Historische pand,"12,500,000",5,"20.343,79 sqft"
57,"Huis, Kopen | België, Antwerpen, Antwerpen-Centrum",Huis,Historische pand,"12,500,000",5,"20.343,79 sqft"
58,"Huis, Kopen | België, Antwerpen, Antwerpen-Centrum",Huis,Historische pand,"12,500,000",5,"20.343,79 sqft"
59,"Huis, Kopen | België, Antwerpen, Antwerpen-Centrum",Huis,Historische pand,"12,500,000",5,"20.343,79 sqft"
60,"Huis, Kopen | België, Antwerpen, Antwerpen-Centrum",Huis,Historische pand,"12,500,000",5,"20.343,79 sqft"
61,"Huis, Kopen | België, Antwerpen, Antwerpen-Centrum",Huis,Historische pand,"12,500,000",5,"20.343,79 sqft"
62,"Huis, Kopen | België, Antwerpen, Antwerpen-Centrum",Huis,Historische pand,"12,500,000",5,"20.343,79 sqft"
63,"Huis, Kopen | België, Antwerpen, Antwerpen-Centrum",Huis,Historische pand,"12,500,000",5,"20.343,79 sqft"
64,"Huis, Kopen | België, Antwerpen, Antwerpen-Centrum",Huis,Historische pand,"12,500,000",5,"20.343,79 sqft"
65,"Huis, Kopen | België, Antwerpen, Antwerpen-Centrum",Huis,Historische pand,"12,500,000",5,"20.343,79 sqft"
66,"Huis, Kopen | België, Antwerpen, Antwerpen-Centrum",Huis,Historische pand,"12,500,000",5,"20.343,79 sqft"
67,"Huis, Kopen | België, Antwerpen, Antwerpen-Centrum",Huis,Historische pand,"12,500,000",5,"20.343,79 sqft"
68,"Huis, Kopen | België, Antwerpen, Antwerpen-Centrum",Huis,Historische pand,"12,500,000",5,"20.343,79 sqft"
69,"Huis, Kopen | België, Antwerpen, Antwerpen-Centrum",Huis,Historische pand,"12,500,000",5,"20.343,79 sqft"
70,"Huis, Kopen | België, Antwerpen, Antwerpen-Centrum",Huis,Historische pand,"12,500,000",5,"20.343,79 sqft"
71,"Huis, Kopen | België, Antwerpen, Antwerpen-Centrum",Huis,Historische pand,"12,500,000",5,"20.343,79 sqft"
72,"Huis, Kopen | België, Antwerpen, Antwerpen-Centrum",Huis,Historische pand,"12,500,000",5,"20.343,79 sqft"
73,"Huis, Kopen | België, Antwerpen, Antwerpen-Centrum",Huis,Historische pand,"12,500,000",5,"20.343,79 sqft"
74,"Huis, Kopen | België, Antwerpen, Antwerpen-Centrum",Huis,Historische pand,"12,500,000",5,"20.343,79 sqft"
75,"Huis, Kopen | België, Antwerpen, Antwerpen-Centrum",Huis,Historische pand,"12,500,000",5,"20.343,79 sqft"
76,"Huis, Kopen | België, Antwerpen, Antwerpen-Centrum",Huis,Historische pand,"12,500,000",5,"20.343,79 sqft"
77,"Huis, Kopen | België, Antwerpen, Antwerpen-Centrum",Huis,Historische pand,"12,500,000",5,"20.343,79 sqft"
78,"Huis, Kopen | België, Antwerpen, Antwerpen-Centrum",Huis,Historische pand,"12,500,000",5,"20.343,79 sqft"
79,"Huis, Kopen | België, Antwerpen, Antwerpen-Centrum",Huis,Historische pand,"12,500,000",5,"20.343,79 sqft"
80,"Huis, Kopen | België, Antwerpen, Antwerpen-Centrum",Huis,Historische pand,"12,500,000",5,"20.343,79 sqft"
81,"Huis, Kopen | België, Antwerpen, Antwerpen-Centrum",Huis,Historische pand,"12,500,000",5,"20.343,79 sqft"
82,"Huis, Kopen | België, Antwerpen, Antwerpen-Centrum",Huis,Historische pand,"12,500,000",5,"20.343,79 sqft"
83,"Huis, Kopen | België, Antwerpen, Antwerpen-Centrum",Huis,Historische pand,"12,500,000",5,"20.343,79 sqft"
84,"Huis, Kopen | België, Antwerpen, Antwerpen-Centrum",Huis,Historische pand,"12,500,000",5,"20.343,79 sqft"
85,"Huis, Kopen | België, Antwerpen, Antwerpen-Centrum",Huis,Historische pand,"12,500,000",5,"20.343,79 sqft"
86,"Huis, Kopen | België, Antwerpen, Antwerpen-Centrum",Huis,Historische pand,"12,500,000",5,"20.343,79 sqft"
87,"Huis, Kopen | België, Antwerpen, Antwerpen-Centrum",Huis,Historische pand,"12,500,000",5,"20.343,79 sqft"
88,"Huis, Kopen | België, Antwerpen, Antwerpen-Centrum",Huis,Historische pand,"12,500,000",5,"20.343,79 sqft"
89,"Huis, Kopen | België, Antwerpen, Antwerpen-Centrum",Huis,Historische pand,"12,500,000",5,"20.343,79 sqft"
90,"Huis, Kopen | België, Antwerpen, Antwerpen-Centrum",Huis,Historische pand,"12,500,000",5,"20.343,79 sqft"
91,"Huis, Kopen | België, Antwerpen, Antwerpen-Centrum",Huis,Historische pand,"12,500,000",5,"20.343,79 sqft"
92,"Huis, Kopen | België, Antwerpen, Antwerpen-Centrum",Huis,Historische pand,"12,500,000",5,"20.343,79 sqft"
93,"Huis, Kopen | België, Antwerpen, Antwerpen-Centrum",Huis,Historische pand,"12,500,000",5,"20.343,79 sqft"
94,"Huis, Kopen | België, Antwerpen, Antwerpen-Centrum",Huis,Historische pand,"12,500,000",5,"20.343,79 sqft"
95,"Huis, Kopen | België, Antwerpen, Antwerpen-Centrum",Huis,Historische pand,"12,500,000",5,"20.343,79 sqft"
96,"Huis, Kopen | België, Antwerpen, Antwerpen-Centrum",Huis,Historische pand,"12,500,000",5,"20.343,79 sqft"
97,"Huis, Kopen | België, Antwerpen, Antwerpen-Centrum",Huis,Historische pand,"12,500,000",5,"20.343,79 sqft"
98,"Huis, Kopen | België, Antwerpen, Antwerpen-Centrum",Huis,Historische pand,"12,500,000",5,"20.343,79 sqft"
99,"Huis, Kopen | België, Antwerpen, Antwerpen-Centrum",Huis,Historische pand,"12,500,000",5,"20.343,79 sqft"
100,"Huis, Kopen | België, Antwerpen, Antwerpen-Centrum",Huis,Historische pand,"12,500,000",5,"20.343,79 sqft"
101,"Huis, Kopen | België, Antwerpen, Antwerpen-Centrum",Huis,Historische pand,"12,500,000",5,"20.343,79 sqft"
102,"Huis, Kopen | België, Antwerpen, Antwerpen-Centrum",Huis,Historische pand,"12,500,000",5,"20.343,79 sqft"
103,"Huis, Kopen | België, Antwerpen, Antwerpen-Centrum",Huis,Historische pand,"12,500,000",5,"20.343,79 sqft"
104,"Huis, Kopen | België, Antwerpen, Antwerpen-Centrum",Huis,Historische pand,"12,500,000",5,"20.343,79 sqft"
105,"Huis, Kopen | België, Antwerpen, Antwerpen-Centrum",Huis,Historische pand,"12,500,000",5,"20.343,79 sqft"
106,"Huis, Kopen | België, Antwerpen, Antwerpen-Centrum",Huis,Historische pand,"12,500,000",5,"20.343,79 sqft"
107,"Huis, Kopen | België, Antwerpen, Antwerpen-Centrum",Huis,Historische pand,"12,500,000",5,"20.343,79 sqft"
108,"Huis, Kopen | België, Antwerpen, Antwerpen-Centrum",Huis,Historische pand,"12,500,000",5,"20.343,79 sqft"
109,"Huis, Kopen | België, Antwerpen, Antwerpen-Centrum",Huis,Historische pand,"12,500,000",5,"20.343,79 sqft"
110,"Huis, Kopen | België, Antwerpen, Antwerpen-Centrum",Huis,Historische pand,"12,500,000",5,"20.343,79 sqft"
111,"Huis, Kopen | België, Antwerpen, Antwerpen-Centrum",Huis,Historische pand,"12,500,000",5,"20.343,79 sqft"
112,"Huis, Kopen | België, Antwerpen, Antwerpen-Centrum",Huis,Historische pand,"12,500,000",5,"20.343,79 sqft"
113,"Huis, Kopen | België, Antwerpen, Antwerpen-Centrum",Huis,Historische pand,"12,500,000",5,"20.343,79 sqft"
114,"Huis, Kopen | België, Antwerpen, Antwerpen-Centrum",Huis,Historische pand,"12,500,000",5,"20.343,79 sqft"
115,"Huis, Kopen | België, Antwerpen, Antwerpen-Centrum",Huis,Historische pand,"12,500,000",5,"20.343,79 sqft"
116,"Huis, Kopen | België, Antwerpen, Antwerpen-Centrum",Huis,Historische pand,"12,500,000",5,"20.343,79 sqft"
117,"Huis, Kopen | België, Antwerpen, Antwerpen-Centrum",Huis,Historische pand,"12,500,000",5,"20.343,79 sqft"
118,"Huis, Kopen | België, Antwerpen, Antwerpen-Centrum",Huis,Historische pand,"12,500,000",5,"20.343,79 sqft"
119,"Huis, Kopen | België, Antwerpen, Antwerpen-Centrum",Huis,Historische pand,"12,500,000",5,"20.343,79 sqft"
120,"Huis, Kopen | België, Antwerpen, Antwerpen-Centrum",Huis,Historische pand,"12,500,000",5,"20.343,79 sqft"
121,"Huis, Kopen | België, Antwerpen, Antwerpen-Centrum",Huis,Historische pand,"12,500,000",5,"20.343,79 sqft"
122,"Huis, Kopen | België, Antwerpen, Antwerpen-Centrum",Huis,Historische pand,"12,500,000",5,"20.343,79 sqft"
123,"Huis, Kopen | België, Antwerpen, Antwerpen-Centrum",Huis,Historische pand,"12,500,000",5,"20.343,79 sqft"
124,"Huis, Kopen | België, Antwerpen, Antwerpen-Centrum",Huis,Historische pand,"12,500,000",5,"20.343,79 sqft"
125,"Huis, Kopen | België, Antwerpen, Antwerpen-Centrum",Huis,Historische pand,"12,500,000",5,"20.343,79 sqft"
126,"Huis, Kopen | België, Antwerpen, Antwerpen-Centrum",Huis,Historische pand,"12,500,000",5,"20.343,79 sqft"
127,"Huis, Kopen | België, Antwerpen, Antwerpen-Centrum",Huis,Historische pand,"12,500,000",5,"20.343,79 sqft"
128,"Huis, Kopen | België, Antwerpen, Antwerpen-Centrum",Huis,Historische pand,"12,500,000",5,"20.343,79 sqft"
129,"Huis, Kopen | België, Antwerpen, Antwerpen-Centrum",Huis,Historische pand,"12,500,000",5,"20.343,79 sqft"
130,"Huis, Kopen | België, Antwerpen, Antwerpen-Centrum",Huis,Historische pand,"12,500,000",5,"20.343,79 sqft"
131,"Huis, Kopen | België, Antwerpen, Antwerpen-Centrum",Huis,Historische pand,"12,500,000",5,"20.343,79 sqft"
132,"Huis, Kopen | België, Antwerpen, Antwerpen-Centrum",Huis,Historische pand,"12,500,000",5,"20.343,79 sqft"
133,"Huis, Kopen | België, Antwerpen, Antwerpen-Centrum",Huis,Historische pand,"12,500,000",5,"20.343,79 sqft"
134,"Huis, Kopen | België, Antwerpen, Antwerpen-Centrum",Huis,Historische pand,"12,500,000",5,"20.343,79 sqft"
135,"Huis, Kopen | België, Antwerpen, Antwerpen-Centrum",Huis,Historische pand,"12,500,000",5,"20.343,79 sqft"
136,"Huis, Kopen | België, Antwerpen, Antwerpen-Centrum",Huis,Historische pand,"12,500,000",5,"20.343,79 sqft"
137,"Huis, Kopen | België, Antwerpen, Antwerpen-Centrum",Huis,Historische pand,"12,500,000",5,"20.343,79 sqft"
138,"Huis, Kopen | België, Antwerpen, Antwerpen-Centrum",Huis,Historische pand,"12,500,000",5,"20.343,79 sqft"
139,"Huis, Kopen | België, Antwerpen, Antwerpen-Centrum",Huis,Historische pand,"12,500,000",5,"20.343,79 sqft"
140,"Huis, Kopen | België, Antwerpen, Antwerpen-Centrum",Huis,Historische pand,"12,500,000",5,"20.343,79 sqft"
141,"Huis, Kopen | België, Antwerpen, Antwerpen-Centrum",Huis,Historische pand,"12,500,000",5,"20.343,79 sqft"
142,"Huis, Kopen | België, Antwerpen, Antwerpen-Centrum",Huis,Historische pand,"12,500,000",5,"20.343,79 sqft"
143,"Huis, Kopen | België, Antwerpen, Antwerpen-Centrum",Huis,Historische pand,"12,500,000",5,"20.343,79 sqft"
144,"Huis, Kopen | België, Antwerpen, Antwerpen-Centrum",Huis,Historische pand,"12,500,000",5,"20.343,79 sqft"
145,"Huis, Kopen | België, Antwerpen, Antwerpen-Centrum",Huis,Historische pand,"12,500,000",5,"20.343,79 sqft"
146,"Huis, Kopen | België, Antwerpen, Antwerpen-Centrum",Huis,Historische pand,"12,500,000",5,"20.343,79 sqft"
147,"Huis, Kopen | België, Antwerpen, Antwerpen-Centrum",Huis,Historische pand,"12,500,000",5,"20.343,79 sqft"
148,"Huis, Kopen | België, Antwerpen, Antwerpen-Centrum",Huis,Historische pand,"12,500,000",5,"20.343,79 sqft"
149,"Huis, Kopen | België, Antwerpen, Antwerpen-Centrum",Huis,Historische pand,"12,500,000",5,"20.343,79 sqft"
150,"Huis, Kopen | België, Antwerpen, Antwerpen-Centrum",Huis,Historische pand,"12,500,000",5,"20.343,79 sqft"
151,"Huis, Kopen | België, Antwerpen, Antwerpen-Centrum",Huis,Historische pand,"12,500,000",5,"20.343,79 sqft"
152,"Huis, Kopen | België, Antwerpen, Antwerpen-Centrum",Huis,Historische pand,"12,500,000",5,"20.343,79 sqft"
153,"Huis, Kopen | België, Antwerpen, Antwerpen-Centrum",Huis,Historische pand,"12,500,000",5,"20.343,79 sqft"
154,"Huis, Kopen | België, Antwerpen, Antwerpen-Centrum",Huis,Historische pand,"12,500,000",5,"20.343,79 sqft"
155,"Huis, Kopen | België, Antwerpen, Antwerpen-Centrum",Huis,Historische pand,"12,500,000",5,"20.343,79 sqft"
156,"Huis, Kopen | België, Antwerpen, Antwerpen-Centrum",Huis,Historische pand,"12,500,000",5,"20.343,79 sqft"
157,"Huis, Kopen | België, Antwerpen, Antwerpen-Centrum",Huis,Historische pand,"12,500,000",5,"20.343,79 sqft"
158,"Huis, Kopen | België, Antwerpen, Antwerpen-Centrum",Huis,Historische pand,"12,500,000",5,"20.343,79 sqft"
159,"Huis, Kopen | België, Antwerpen, Antwerpen-Centrum",Huis,Historische pand,"12,500,000",5,"20.343,79 sqft"
160,"Huis, Kopen | België, Antwerpen, Antwerpen-Centrum",Huis,Historische pand,"12,500,000",5,"20.343,79 sqft"
161,"Huis, Kopen | België, Antwerpen, Antwerpen-Centrum",Huis,Historische pand,"12,500,000",5,"20.343,79 sqft"
162,"Huis, Kopen | België, Antwerpen, Antwerpen-Centrum",Huis,Historische pand,"12,500,000",5,"20.343,79 sqft"
163,"Huis, Kopen | België, Antwerpen, Antwerpen-Centrum",Huis,Historische pand,"12,500,000",5,"20.343,79 sqft"
164,"Huis, Kopen | België, Antwerpen, Antwerpen-Centrum",Huis,Historische pand,"12,500,000",5,"20.343,79 sqft"
165,"Huis, Kopen | België, Antwerpen, Antwerpen-Centrum",Huis,Historische pand,"12,500,000",5,"20.343,79 sqft"
166,"Huis, Kopen | België, Antwerpen, Antwerpen-Centrum",Huis,Historische pand,"12,500,000",5,"20.343,79 sqft"
167,"Huis, Kopen | België, Antwerpen, Antwerpen-Centrum",Huis,Historische pand,"12,500,000",5,"20.343,79 sqft"
168,"Huis, Kopen | België, Antwerpen, Antwerpen-Centrum",Huis,Historische pand,"12,500,000",5,"20.343,79 sqft"
169,"Huis, Kopen | België, Antwerpen, Antwerpen-Centrum",Huis,Historische pand,"12,500,000",5,"20.343,79 sqft"
170,"Huis, Kopen | België, Antwerpen, Antwerpen-Centrum",Huis,Historische pand,"12,500,000",5,"20.343,79 sqft"
171,"Huis, Kopen | België, Antwerpen, Antwerpen-Centrum",Huis,Historische pand,"12,500,000",5,"20.343,79 sqft"
172,"Huis, Kopen | België, Antwerpen, Antwerpen-Centrum",Huis,Historische pand,"12,500,000",5,"20.343,79 sqft"
173,"Huis, Kopen | België, Antwerpen, Antwerpen-Centrum",Huis,Historische pand,"12,500,000",5,"20.343,79 sqft"
174,"Huis, Kopen | België, Antwerpen, Antwerpen-Centrum",Huis,Historische pand,"12,500,000",5,"20.343,79 sqft"
175,"Huis, Kopen | België, Antwerpen, Antwerpen-Centrum",Huis,Historische pand,"12,500,000",5,"20.343,79 sqft"
176,"Huis, Kopen | België, Antwerpen, Antwerpen-Centrum",Huis,Historische pand,"12,500,000",5,"20.343,79 sqft"
177,"Huis, Kopen | België, Antwerpen, Antwerpen-Centrum",Huis,Historische pand,"12,500,000",5,"20.343,79 sqft"
178,"Huis, Kopen | België, Antwerpen, Antwerpen-Centrum",Huis,Historische pand,"12,500,000",5,"20.343,79 sqft"
179,"Huis, Kopen | België, Antwerpen, Antwerpen-Centrum",Huis,Historische pand,"12,500,000",5,"20.343,79 sqft"
180,"Huis, Kopen | België, Antwerpen, Antwerpen-Centrum",Huis,Historische pand,"12,500,000",5,"20.343,79 sqft"
181,"Huis, Kopen | België, Antwerpen, Antwerpen-Centrum",Huis,Historische pand,"12,500,000",5,"20.343,79 sqft"
182,"Huis, Kopen | België, Antwerpen, Antwerpen-Centrum",Huis,Historische pand,"12,500,000",5,"20.343,79 sqft"
183,"Huis, Kopen | België, Antwerpen, Antwerpen-Centrum",Huis,Historische pand,"12,500,000",5,"20.343,79 sqft"
184,"Huis, Kopen | België, Antwerpen, Antwerpen-Centrum",Huis,Historische pand,"12,500,000",5,"20.343,79 sqft"
185,"Huis, Kopen | België, Antwerpen, Antwerpen-Centrum",Huis,Historische pand,"12,500,000",5,"20.343,79 sqft"
186,"Huis, Kopen | België, Antwerpen, Antwerpen-Centrum",Huis,Historische pand,"12,500,000",5,"20.343,79 sqft"
187,"Huis, Kopen | België, Antwerpen, Antwerpen-Centrum",Huis,Historische pand,"12,500,000",5,"20.343,79 sqft"
188,"Huis, Kopen | België, Antwerpen, Antwerpen-Centrum",Huis,Historische pand,"12,500,000",5,"20.343,79 sqft"
189,"Huis, Kopen | België, Antwerpen, Antwerpen-Centrum",Huis,Historische pand,"12,500,000",5,"20.343,79 sqft"
190,"Huis, Kopen | België, Antwerpen, Antwerpen-Centrum",Huis,Historische pand,"12,500,000",5,"20.343,79 sqft"
191,"Huis, Kopen | België, Antwerpen, Antwerpen-Centrum",Huis,Historische pand,"12,500,000",5,"20.343,79 sqft"
192,"Huis, Kopen | België, Antwerpen, Antwerpen-Centrum",Huis,Historische pand,"12,500,000",5,"20.343,79 sqft"
193,"Huis, Kopen | België, Antwerpen, Antwerpen-Centrum",Huis,Historische pand,"12,500,000",5,"20.343,79 sqft"
194,"Huis, Kopen | België, Antwerpen, Antwerpen-Centrum",Huis,Historische pand,"12,500,000",5,"20.343,79 sqft"
195,"Huis, Kopen | België, Antwerpen, Antwerpen-Centrum",Huis,Historische pand,"12,500,000",5,"20.343,79 sqft"
196,"Huis, Kopen | België, Antwerpen, Antwerpen-Centrum",Huis,Historische pand,"12,500,000",5,"20.343,79 sqft"
197,"Huis, Kopen | België, Antwerpen, Antwerpen-Centrum",Huis,Historische pand,"12,500,000",5,"20.343,79 sqft"
198,"Huis, Kopen | België, Antwerpen, Antwerpen-Centrum",Huis,Historische pand,"12,500,000",5,"20.343,79 sqft"
199,"Huis, Kopen | België, Antwerpen, Antwerpen-Centrum",Huis,Historische pand,"12,500,000",5,"20.343,79 sqft"
200,"Huis, Kopen | België, Antwerpen, Antwerpen-Centrum",Huis,Historische pand,"12,500,000",5,"20.343,79 sqft"
201,"Huis, Kopen | België, Antwerpen, Antwerpen-Centrum",Huis,Historische pand,"12,500,000",5,"20.343,79 sqft"
202,"Huis, Kopen | België, Antwerpen, Antwerpen-Centrum",Huis,Historische pand,"12,500,000",5,"20.343,79 sqft"
203,"Huis, Kopen | België, Antwerpen, Antwerpen-Centrum",Huis,Historische pand,"12,500,000",5,"20.343,79 sqft"
204,"Huis, Kopen | België, Antwerpen, Antwerpen-Centrum",Huis,Historische pand,"12,500,000",5,"20.343,79 sqft"
205,"Huis, Kopen | België, Antwerpen, Antwerpen-Centrum",Huis,Historische pand,"12,500,000",5,"20.343,79 sqft"
206,"Huis, Kopen | België, Antwerpen, Antwerpen-Centrum",Huis,Historische pand,"12,500,000",5,"20.343,79 sqft"
207,"Huis, Kopen | België, Antwerpen, Antwerpen-Centrum",Huis,Historische pand,"12,500,000",5,"20.343,79 sqft"
208,"Huis, Kopen | België, Antwerpen, Antwerpen-Centrum",Huis,Historische pand,"12,500,000",5,"20.343,79 sqft"
209,"Huis, Kopen | België, Antwerpen, Antwerpen-Centrum",Huis,Historische pand,"12,500,000",5,"20.343,79 sqft"
210,"Huis, Kopen | België, Antwerpen, Antwerpen-Centrum",Huis,Historische pand,"12,500,000",5,"20.343,79 sqft"
211,"Huis, Kopen | België, Antwerpen, Antwerpen-Centrum",Huis,Historische pand,"12,500,000",5,"20.343,79 sqft"
212,"Huis, Kopen | België, Antwerpen, Antwerpen-Centrum",Huis,Historische pand,"12,500,000",5,"20.343,79 sqft"
213,"Huis, Kopen | België, Antwerpen, Antwerpen-Centrum",Huis,Historische pand,"12,500,000",5,"20.343,79 sqft"
214,"Huis, Kopen | België, Antwerpen, Antwerpen-Centrum",Huis,Historische pand,"12,500,000",5,"20.343,79 sqft"
215,"Huis, Kopen | België, Antwerpen, Antwerpen-Centrum",Huis,Historische pand,"12,500,000",5,"20.343,79 sqft"
216,"Huis, Kopen | België, Antwerpen, Antwerpen-Centrum",Huis,Historische pand,"12,500,000",5,"20.343,79 sqft"
217,"Huis, Kopen | België, Antwerpen, Antwerpen-Centrum",Huis,Historische pand,"12,500,000",5,"20.343,79 sqft"
218,"Huis, Kopen | België, Antwerpen, Antwerpen-Centrum",Huis,Historische pand,"12,500,000",5,"20.343,79 sqft"
219,"Huis, Kopen | België, Antwerpen, Antwerpen-Centrum",Huis,Historische pand,"12,500,000",5,"20.343,79 sqft"
220,"Huis, Kopen | België, Antwerpen, Antwerpen-Centrum",Huis,Historische pand,"12,500,000",5,"20.343,79 sqft"
221,"Huis, Kopen | België, Antwerpen, Antwerpen-Centrum",Huis,Historische pand,"12,500,000",5,"20.343,79 sqft"
222,"Huis, Kopen | België, Antwerpen, Antwerpen-Centrum",Huis,Historische pand,"12,500,000",5,"20.343,79 sqft"
223,"Huis, Kopen | België, Antwerpen, Antwerpen-Centrum",Huis,Historische pand,"12,500,000",5,"20.343,79 sqft"
224,"Huis, Kopen | België, Antwerpen, Antwerpen-Centrum",Huis,Historische pand,"12,500,000",5,"20.343,79 sqft"
225,"Huis, Kopen | België, Antwerpen, Antwerpen-Centrum",Huis,Historische pand,"12,500,000",5,"20.343,79 sqft"
226,"Huis, Kopen | België, Antwerpen, Antwerpen-Centrum",Huis,Historische pand,"12,500,000",5,"20.343,79 sqft"
227,"Huis, Kopen | België, Antwerpen, Antwerpen-Centrum",Huis,Historische pand,"12,500,000",5,"20.343,79 sqft"
228,"Huis, Kopen | België, Antwerpen, Antwerpen-Centrum",Huis,Historische pand,"12,500,000",5,"20.343,79 sqft"
229,"Huis, Kopen | België, Antwerpen, Antwerpen-Centrum",Huis,Historische pand,"12,500,000",5,"20.343,79 sqft"
230,"Huis, Kopen | België, Antwerpen, Antwerpen-Centrum",Huis,Historische pand,"12,500,000",5,"20.343,79 sqft"
231,"Huis, Kopen | België, Antwerpen, Antwerpen-Centrum",Huis,Historische pand,"12,500,000",5,"20.343,79 sqft"
232,"Huis, Kopen | België, Antwerpen, Antwerpen-Centrum",Huis,Historische pand,"12,500,000",5,"20.343,79 sqft"
233,"Huis, Kopen | België, Antwerpen, Antwerpen-Centrum",Huis,Historische pand,"12,500,000",5,"20.343,79 sqft"
234,"Huis, Kopen | België, Antwerpen, Antwerpen-Centrum",Huis,Historische pand,"12,500,000",5,"20.343,79 sqft"
235,"Huis, Kopen | België, Antwerpen, Antwerpen-Centrum",Huis,Historische pand,"12,500,000",5,"20.343,79 sqft"
236,"Huis, Kopen | België, Antwerpen, Antwerpen-Centrum",Huis,Historische pand,"12,500,000",5,"20.343,79 sqft"
237,"Huis, Kopen | België, Antwerpen, Antwerpen-Centrum",Huis,Historische pand,"12,500,000",5,"20.343,79 sqft"
238,"Huis, Kopen | België, Antwerpen, Antwerpen-Centrum",Huis,Historische pand,"12,500,000",5,"20.343,79 sqft"
239,"Huis, Kopen | België, Antwerpen, Antwerpen-Centrum",Huis,Historische pand,"12,500,000",5,"20.343,79 sqft"
240,"Huis, Kopen | België, Antwerpen, Antwerpen-Centrum",Huis,Historische pand,"12,500,000",5,"20.343,79 sqft"
241,"Huis, Kopen | België, Antwerpen, Antwerpen-Centrum",Huis,Historische pand,"12,500,000",5,"20.343,79 sqft"
242,"Huis, Kopen | België, Antwerpen, Antwerpen-Centrum",Huis,Historische pand,"12,500,000",5,"20.343,79 sqft"
243,"Huis, Kopen | België, Antwerpen, Antwerpen-Centrum",Huis,Historische pand,"12,500,000",5,"20.343,79 sqft"
244,"Huis, Kopen | België, Antwerpen, Antwerpen-Centrum",Huis,Historische pand,"12,500,000",5,"20.343,79 sqft"
245,"Huis, Kopen | België, Antwerpen, Antwerpen-Centrum",Huis,Historische pand,"12,500,000",5,"20.343,79 sqft"
246,"Huis, Kopen | België, Antwerpen, Antwerpen-Centrum",Huis,Historische pand,"12,500,000",5,"20.343,79 sqft"
247,"Huis, Kopen | België, Antwerpen, Antwerpen-Centrum",Huis,Historische pand,"12,500,000",5,"20.343,79 sqft"
248,"Huis, Kopen | België, Antwerpen, Antwerpen-Centrum",Huis,Historische pand,"12,500,000",5,"20.343,79 sqft"
249,"Huis, Kopen | België, Antwerpen, Antwerpen-Centrum",Huis,Historische pand,"12,500,000",5,"20.343,79 sqft"
250,"Huis, Kopen | België, Antwerpen, Antwerpen-Centrum",Huis,Historische pand,"12,500,000",5,"20.343,79 sqft"
251,"Huis, Kopen | België, Antwerpen, Antwerpen-Centrum",Huis,Historische pand,"12,500,000",5,"20.343,79 sqft"
252,"Huis, Kopen | België, Antwerpen, Antwerpen-Centrum",Huis,Historische pand,"12,500,000",5,"20.343,79 sqft"
253,"Huis, Kopen | België, Antwerpen, Antwerpen-Centrum",Huis,Historische pand,"12,500,000",5,"20.343,79 sqft"
254,"Huis, Kopen | België, Antwerpen, Antwerpen-Centrum",Huis,Historische pand,"12,500,000",5,"20.343,79 sqft"
255,"Huis, Kopen | België, Antwerpen, Antwerpen-Centrum",Huis,Historische pand,"12,500,000",5,"20.343,79 sqft"
256,"Huis, Kopen | België, Antwerpen, Antwerpen-Centrum",Huis,Historische pand,"12,500,000",5,"20.343,79 sqft"
257,"Huis, Kopen | België, Antwerpen, Antwerpen-Centrum",Huis,Historische pand,"12,500,000",5,"20.343,79 sqft"
258,"Huis, Kopen | België, Antwerpen, Antwerpen-Centrum",Huis,Historische pand,"12,500,000",5,"20.343,79 sqft"
259,"Huis, Kopen | België, Antwerpen, Antwerpen-Centrum",Huis,Historische pand,"12,500,000",5,"20.343,79 sqft"
260,"Huis, Kopen | België, Antwerpen, Antwerpen-Centrum",Huis,Historische pand,"12,500,000",5,"20.343,79 sqft"
261,"Huis, Kopen | België, Antwerpen, Antwerpen-Centrum",Huis,Historische pand,"12,500,000",5,"20.343,79 sqft"
262,"Huis, Kopen | België, Antwerpen, Antwerpen-Centrum",Huis,Historische pand,"12,500,000",5,"20.343,79 sqft"
263,"Huis, Kopen | België, Antwerpen, Antwerpen-Centrum",Huis,Historische pand,"12,500,000",5,"20.343,79 sqft"
264,"Huis, Kopen | België, Antwerpen, Antwerpen-Centrum",Huis,Historische pand,"12,500,000",5,"20.343,79 sqft"
265,"Huis, Kopen | België, Antwerpen, Antwerpen-Centrum",Huis,Historische pand,"12,500,000",5,"20.343,79 sqft"
266,"Huis, Kopen | België, Antwerpen, Antwerpen-Centrum",Huis,Historische pand,"12,500,000",5,"20.343,79 sqft"
267,"Huis, Kopen | België, Antwerpen, Antwerpen-Centrum",Huis,Historische pand,"12,500,000",5,"20.343,79 sqft"
268,"Huis, Kopen | België, Antwerpen, Antwerpen-Centrum",Huis,Historische pand,"12,500,000",5,"20.343,79 sqft"
269,"Huis, Kopen | België, Antwerpen, Antwerpen-Centrum",Huis,Historische pand,"12,500,000",5,"20.343,79 sqft"
270,"Huis, Kopen | België, Antwerpen, Antwerpen-Centrum",Huis,Historische pand,"12,500,000",5,"20.343,79 sqft"
271,"Huis, Kopen | België, Antwerpen, Antwerpen-Centrum",Huis,Historische pand,"12,500,000",5,"20.343,79 sqft"
272,"Huis, Kopen | België, Antwerpen, Antwerpen-Centrum",Huis,Historische pand,"12,500,000",5,"20.343,79 sqft"
273,"Huis, Kopen | België, Antwerpen, Antwerpen-Centrum",Huis,Historische pand,"12,500,000",5,"20.343,79 sqft"
274,"Huis, Kopen | België, Antwerpen, Antwerpen-Centrum",Huis,Historische pand,"12,500,000",5,"20.343,79 sqft"
275,"Huis, Kopen | België, Antwerpen, Antwerpen-Centrum",Huis,Historische pand,"12,500,000",5,"20.343,79 sqft"
276,"Huis, Kopen | België, Antwerpen, Antwerpen-Centrum",Huis,Historische pand,"12,500,000",5,"20.343,79 sqft"
277,"Huis, Kopen | België, Antwerpen, Antwerpen-Centrum",Huis,Historische pand,"12,500,000",5,"20.343,79 sqft"
278,"Huis, Kopen | België, Antwerpen, Antwerpen-Centrum",Huis,Historische pand,"12,500,000",5,"20.343,79 sqft"
279,"Huis, Kopen | België, Antwerpen, Antwerpen-Centrum",Huis,Historische pand,"12,500,000",5,"20.343,79 sqft"
280,"Huis, Kopen | België, Antwerpen, Antwerpen-Centrum",Huis,Historische pand,"12,500,000",5,"20.343,79 sqft"
281,"Huis, Kopen | België, Antwerpen, Antwerpen-Centrum",Huis,Historische pand,"12,500,000",5,"20.343,79 sqft"
282,"Huis, Kopen | België, Antwerpen, Antwerpen-Centrum",Huis,Historische pand,"12,500,000",5,"20.343,79 sqft"
283,"Huis, Kopen | België, Antwerpen, Antwerpen-Centrum",Huis,Historische pand,"12,500,000",5,"20.343,79 sqft"
284,"Huis, Kopen | België, Antwerpen, Antwerpen-Centrum",Huis,Historische pand,"12,500,000",5,"20.343,79 sqft"
285,"Huis, Kopen | België, Antwerpen, Antwerpen-Centrum",Huis,Historische pand,"12,500,000",5,"20.343,79 sqft"
286,"Huis, Kopen | België, Antwerpen, Antwerpen-Centrum",Huis,Historische pand,"12,500,000",5,"20.343,79 sqft"
287,"Huis, Kopen | België, Antwerpen, Antwerpen-Centrum",Huis,Historische pand,"12,500,000",5,"20.343,79 sqft"
288,"Huis, Kopen | België, Antwerpen, Antwerpen-Centrum",Huis,Historische pand,"12,500,000",5,"20.343,79 sqft"
289,"Huis, Kopen | België, Antwerpen, Antwerpen-Centrum",Huis,Historische pand,"12,500,000",5,"20.343,79 sqft"
290,"Huis, Kopen | België, Antwerpen, Antwerpen-Centrum",Huis,Historische pand,"12,500,000",5,"20.343,79 sqft"
291,"Huis, Kopen | België, Antwerpen, Antwerpen-Centrum",Huis,Historische pand,"12,500,000",5,"20.343,79 sqft"
292,"Huis, Kopen | België, Antwerpen, Antwerpen-Centrum",Huis,Historische pand,"12,500,000",5,"20.343,79 sqft"
293,"Huis, Kopen | België, Antwerpen, Antwerpen-Centrum",Huis,Historische pand,"12,500,000",5,"20.343,79 sqft"
294,"Huis, Kopen | België, Antwerpen, Antwerpen-Centrum",Huis,Historische pand,"12,500,000",5,"20.343,79 sqft"
295,"Huis, Kopen | België, Antwerpen, Antwerpen-Centrum",Huis,Historische pand,"12,500,000",5,"20.343,79 sqft"
296,"Huis, Kopen | België, Antwerpen, Antwerpen-Centrum",Huis,Historische pand,"12,500,000",5,"20.343,79 sqft"
297,"Huis, Kopen | België, Antwerpen, Antwerpen-Centrum",Huis,Historische pand,"12,500,000",5,"20.343,79 sqft"
298,"Huis, Kopen | België, Antwerpen, Antwerpen-Centrum",Huis,Historische pand,"12,500,000",5,"20.343,79 sqft"
299,"Huis, Kopen | België, Antwerpen, Antwerpen-Centrum",Huis,Historische pand,"12,500,000",5,"20.343,79 sqft"
300,"Huis, Kopen | België, Antwerpen, Antwerpen-Centrum",Huis,Historische pand,"12,500,000",5,"20.343,79 sqft"
301,"Huis, Kopen | België, Antwerpen, Antwerpen-Centrum",Huis,Historische pand,"12,500,000",5,"20.343,79 sqft"
302,"Huis, Kopen | België, Antwerpen, Antwerpen-Centrum",Huis,Historische pand,"12,500,000",5,"20.343,79 sqft"
303,"Huis, Kopen | België, Antwerpen, Antwerpen-Centrum",Huis,Historische pand,"12,500,000",5,"20.343,79 sqft"
304,"Huis, Kopen | België, Antwerpen, Antwerpen-Centrum",Huis,Historische pand,"12,500,000",5,"20.343,79 sqft"
305,"Huis, Kopen | België, Antwerpen, Antwerpen-Centrum",Huis,Historische pand,"12,500,000",5,"20.343,79 sqft"
306,"Huis, Kopen | België, Antwerpen, Antwerpen-Centrum",Huis,Historische pand,"12,500,000",5,"20.343,79 sqft"
307,"Huis, Kopen | België, Antwerpen, Antwerpen-Centrum",Huis,Historische pand,"12,500,000",5,"20.343,79 sqft"
308,"Huis, Kopen | België, Antwerpen, Antwerpen-Centrum",Huis,Historische pand,"12,500,000",5,"20.343,79 sqft"
309,"Huis, Kopen | België, Antwerpen, Antwerpen-Centrum",Huis,Historische pand,"12,500,000",5,"20.343,79 sqft"
310,"Huis, Kopen | België, Antwerpen, Antwerpen-Centrum",Huis,Historische pand,"12,500,000",5,"20.343,79 sqft"
311,"Huis, Kopen | België, Antwerpen, Antwerpen-Centrum",Huis,Historische pand,"12,500,000",5,"20.343,79 sqft"
312,"Huis, Kopen | België, Antwerpen, Antwerpen-Centrum",Huis,Historische pand,"12,500,000",5,"20.343,79 sqft"
313,"Huis, Kopen | België, Antwerpen, Antwerpen-Centrum",Huis,Historische pand,"12,500,000",5,"20.343,79 sqft"
314,"Huis, Kopen | België, Antwerpen, Antwerpen-Centrum",Huis,Historische pand,"12,500,000",5,"20.343,79 sqft"
315,"Huis, Kopen | België, Antwerpen, Antwerpen-Centrum",Huis,Historische pand,"12,500,000",5,"20.343,79 sqft"
316,"Huis, Kopen | België, Antwerpen, Antwerpen-Centrum",Huis,Historische pand,"12,500,000",5,"20.343,79 sqft"
317,"Huis, Kopen | België, Antwerpen, Antwerpen-Centrum",Huis,Historische pand,"12,500,000",5,"20.343,79 sqft"
318,"Huis, Kopen | België, Antwerpen, Antwerpen-Centrum",Huis,Historische pand,"12,500,000",5,"20.343,79 sqft"
319,"Huis, Kopen | België, Antwerpen, Antwerpen-Centrum",Huis,Historische pand,"12,500,000",5,"20.343,79 sqft"
320,"Huis, Kopen | België, Antwerpen, Antwerpen-Centrum",Huis,Historische pand,"12,500,000",5,"20.343,79 sqft"
321,"Huis, Kopen | België, Antwerpen, Antwerpen-Centrum",Huis,Historische pand,"12,500,000",5,"20.343,79 sqft"
322,"Huis, Kopen | België, Antwerpen, Antwerpen-Centrum",Huis,Historische pand,"12,500,000",5,"20.343,79 sqft"
323,"Huis, Kopen | België, Antwerpen, Antwerpen-Centrum",Huis,Historische pand,"12,500,000",5,"20.343,79 sqft"
324,"Huis, Kopen | België, Antwerpen, Antwerpen-Centrum",Huis,Historische pand,"12,500,000",5,"20.343,79 sqft"
325,"Huis, Kopen | België, Antwerpen, Antwerpen-Centrum",Huis,Historische pand,"12,500,000",5,"20.343,79 sqft"
326,"Huis, Kopen | België, Antwerpen, Antwerpen-Centrum",Huis,Historische pand,"12,500,000",5,"20.343,79 sqft"
327,"Huis, Kopen | België, Antwerpen, Antwerpen-Centrum",Huis,Historische pand,"12,500,000",5,"20.343,79 sqft"
328,"Huis, Kopen | België, Antwerpen, Antwerpen-Centrum",Huis,Historische pand,"12,500,000",5,"20.343,79 sqft"
329,"Huis, Kopen | België, Antwerpen, Antwerpen-Centrum",Huis,Historische pand,"12,500,000",5,"20.343,79 sqft"
330,"Huis, Kopen | België, Antwerpen, Antwerpen-Centrum",Huis,Historische pand,"12,500,000",5,"20.343,79 sqft"
331,"Huis, Kopen | België, Antwerpen, Antwerpen-Centrum",Huis,Historische pand,"12,500,000",5,"20.343,79 sqft"
332,"Huis, Kopen | België, Antwerpen, Antwerpen-Centrum",Huis,Historische pand,"12,500,000",5,"20.343,79 sqft"
333,"Huis, Kopen | België, Antwerpen, Antwerpen-Centrum",Huis,Historische pand,"12,500,000",5,"20.343,79 sqft"
334,"Huis, Kopen | België, Antwerpen, Antwerpen-Centrum",Huis,Historische pand,"12,500,000",5,"20.343,79 sqft"
335,"Huis, Kopen | België, Antwerpen, Antwerpen-Centrum",Huis,Historische pand,"12,500,000",5,"20.343,79 sqft"
336,"Huis, Kopen | België, Antwerpen, Antwerpen-Centrum",Huis,Historische pand,"12,500,000",5,"20.343,79 sqft"
337,"Huis, Kopen | België, Antwerpen, Antwerpen-Centrum",Huis,Historische pand,"12,500,000",5,"20.343,79 sqft"
338,"Huis, Kopen | België, Antwerpen, Antwerpen-Centrum",Huis,Historische pand,"12,500,000",5,"20.343,79 sqft"
339,"Huis, Kopen | België, Antwerpen, Antwerpen-Centrum",Huis,Historische pand,"12,500,000",5,"20.343,79 sqft"
340,"Huis, Kopen | België, Antwerpen, Antwerpen-Centrum",Huis,Historische pand,"12,500,000",5,"20.343,79 sqft"
341,"Huis, Kopen | België, Antwerpen, Antwerpen-Centrum",Huis,Historische pand,"12,500,000",5,"20.343,79 sqft"
342,"Huis, Kopen | België, Antwerpen, Antwerpen-Centrum",Huis,Historische pand,"12,500,000",5,"20.343,79 sqft"
343,"Huis, Kopen | België, Antwerpen, Antwerpen-Centrum",Huis,Historische pand,"12,500,000",5,"20.343,79 sqft"
344,"Huis, Kopen | België, Antwerpen, Antwerpen-Centrum",Huis,Historische pand,"12,500,000",5,"20.343,79 sqft"
345,"Huis, Kopen | België, Antwerpen, Antwerpen-Centrum",Huis,Historische pand,"12,500,000",5,"20.343,79 sqft"
346,"Huis, Kopen | België, Antwerpen, Antwerpen-Centrum",Huis,Historische pand,"12,500,000",5,"20.343,79 sqft"
347,"Huis, Kopen | België, Antwerpen, Antwerpen-Centrum",Huis,Historische pand,"12,500,000",5,"20.343,79 sqft"
348,"Huis, Kopen | België, Antwerpen, Antwerpen-Centrum",Huis,Historische pand,"12,500,000",5,"20.343,79 sqft"
349,"Huis, Kopen | België, Antwerpen, Antwerpen-Centrum",Huis,Historische pand,"12,500,000",5,"20.343,79 sqft"
350,"Huis, Kopen | België, Antwerpen, Antwerpen-Centrum",Huis,Historische pand,"12,500,000",5,"20.343,79 sqft"
351,"Huis, Kopen | België, Antwerpen, Antwerpen-Centrum",Huis,Historische pand,"12,500,000",5,"20.343,79 sqft"
352,"Huis, Kopen | België, Antwerpen, Antwerpen-Centrum",Huis,Historische pand,"12,500,000",5,"20.343,79 sqft"
353,"Huis, Kopen | België, Antwerpen, Antwerpen-Centrum",Huis,Historische pand,"12,500,000",5,"20.343,79 sqft"
354,"Huis, Kopen | België, Antwerpen, Antwerpen-Centrum",Huis,Historische pand,"12,500,000",5,"20.343,79 sqft"
355,"Huis, Kopen | België, Antwerpen, Antwerpen-Centrum",Huis,Historische pand,"12,500,000",5,"20.343,79 sqft"
356,"Huis, Kopen | België, Antwerpen, Antwerpen-Centrum",Huis,Historische pand,"12,500,000",5,"20.343,79 sqft"
357,"Huis, Kopen | België, Antwerpen, Antwerpen-Centrum",Huis,Historische pand,"12,500,000",5,"20.343,79 sqft"
358,"Huis, Kopen | België, Antwerpen, Antwerpen-Centrum",Huis,Historische pand,"12,500,000",5,"20.343,79 sqft"
359,"Huis, Kopen | België, Antwerpen, Antwerpen-Centrum",Huis,Historische pand,"12,500,000",5,"20.343,79 sqft"
360,"Huis, Kopen | België, Antwerpen, Antwerpen-Centrum",Huis,Historische pand,"12,500,000",5,"20.343,79 sqft"
361,"Huis, Kopen | België, Antwerpen, Antwerpen-Centrum",Huis,Historische pand,"12,500,000",5,"20.343,79 sqft"
362,"Huis, Kopen | België, Antwerpen, Antwerpen-Centrum",Huis,Historische pand,"12,500,000",5,"20.343,79 sqft"
363,"Huis, Kopen | België, Antwerpen, Antwerpen-Centrum",Huis,Historische pand,"12,500,000",5,"20.343,79 sqft"
364,"Huis, Kopen | België, Antwerpen, Antwerpen-Centrum",Huis,Historische pand,"12,500,000",5,"20.343,79 sqft"
365,"Huis, Kopen | België, Antwerpen, Antwerpen-Centrum",Huis,Historische pand,"12,500,000",5,"20.343,79 sqft"
366,"Huis, Kopen | België, Antwerpen, Antwerpen-Centrum",Huis,Historische pand,"12,500,000",5,"20.343,79 sqft"
367,"Huis, Kopen | België, Antwerpen, Antwerpen-Centrum",Huis,Historische pand,"12,500,000",5,"20.343,79 sqft"
368,"Huis, Kopen | België, Antwerpen, Antwerpen-Centrum",Huis,Historische pand,"12,500,000",5,"20.343,79 sqft"
369,"Huis, Kopen | België, Antwerpen, Antwerpen-Centrum",Huis,Historische pand,"12,500,000",5,"20.343,79 sqft"
370,"Huis, Kopen | België, Antwerpen, Antwerpen-Centrum",Huis,Historische pand,"12,500,000",5,"20.343,79 sqft"
371,"Huis, Kopen | België, Antwerpen, Antwerpen-Centrum",Huis,Historische pand,"12,500,000",5,"20.343,79 sqft"
372,"Huis, Kopen | België, Antwerpen, Antwerpen-Centrum",Huis,Historische pand,"12,500,000",5,"20.343,79 sqft"
373,"Huis, Kopen | België, Antwerpen, Antwerpen-Centrum",Huis,Historische pand,"12,500,000",5,"20.343,79 sqft"
374,"Huis, Kopen | België, Antwerpen, Antwerpen-Centrum",Huis,Historische pand,"12,500,000",5,"20.343,79 sqft"
375,"Huis, Kopen | België, Antwerpen, Antwerpen-Centrum",Huis,Historische pand,"12,500,000",5,"20.343,79 sqft"
376,"Huis, Kopen | België, Antwerpen, Antwerpen-Centrum",Huis,Historische pand,"12,500,000",5,"20.343,79 sqft"
377,"Huis, Kopen | België, Antwerpen, Antwerpen-Centrum",Huis,Historische pand,"12,500,000",5,"20.343,79 sqft"
378,"Huis, Kopen | België, Antwerpen, Antwerpen-Centrum",Huis,Historische pand,"12,500,000",5,"20.343,79 sqft"
379,"Huis, Kopen | België, Antwerpen, Antwerpen-Centrum",Huis,Historische pand,"12,500,000",5,"20.343,79 sqft"
380,"Huis, Kopen | België, Antwerpen, Antwerpen-Centrum",Huis,Historische pand,"12,500,000",5,"20.343,79 sqft"
381,"Huis, Kopen | België, Antwerpen, Antwerpen-Centrum",Huis,Historische pand,"12,500,000",5,"20.343,79 sqft"
382,"Huis, Kopen | België, Antwerpen, Antwerpen-Centrum",Huis,Historische pand,"12,500,000",5,"20.343,79 sqft"
383,"Huis, Kopen | België, Antwerpen, Antwerpen-Centrum",Huis,Historische pand,"12,500,000",5,"20.343,79 sqft"
384,"Huis, Kopen | België, Antwerpen, Antwerpen-Centrum",Huis,Historische pand,"12,500,000",5,"20.343,79 sqft"
385,"Huis, Kopen | België, Antwerpen, Antwerpen-Centrum",Huis,Historische pand,"12,500,000",5,"20.343,79 sqft"
386,"Huis, Kopen | België, Antwerpen, Antwerpen-Centrum",Huis,Historische pand,"12,500,000",5,"20.343,79 sqft"
387,"Huis, Kopen | België, Antwerpen, Antwerpen-Centrum",Huis,Historische pand,"12,500,000",5,"20.343,79 sqft"
388,"Huis, Kopen | België, Antwerpen, Antwerpen-Centrum",Huis,Historische pand,"12,500,000",5,"20.343,79 sqft"
389,"Huis, Kopen | België, Antwerpen, Antwerpen-Centrum",Huis,Historische pand,"12,500,000",5,"20.343,79 sqft"
390,"Huis, Kopen | België, Antwerpen, Antwerpen-Centrum",Huis,Historische pand,"12,500,000",5,"20.343,79 sqft"
391,"Huis, Kopen | België, Antwerpen, Antwerpen-Centrum",Huis,Historische pand,"12,500,000",5,"20.343,79 sqft"
392,"Huis, Kopen | België, Antwerpen, Antwerpen-Centrum",Huis,Historische pand,"12,500,000",5,"20.343,79 sqft"
393,"Huis, Kopen | België, Antwerpen, Antwerpen-Centrum",Huis,Historische pand,"12,500,000",5,"20.343,79 sqft"
394,"Huis, Kopen | België, Antwerpen, Antwerpen-Centrum",Huis,Historische pand,"12,500,000",5,"20.343,79 sqft"
395,"Huis, Kopen | België, Antwerpen, Antwerpen-Centrum",Huis,Historische pand,"12,500,000",5,"20.343,79 sqft"
396,"Huis, Kopen | België, Antwerpen, Antwerpen-Centrum",Huis,Historische pand,"12,500,000",5,"20.343,79 sqft"
397,"Huis, Kopen | België, Antwerpen, Antwerpen-Centrum",Huis,Historische pand,"12,500,000",5,"20.343,79 sqft"
398,"Huis, Kopen | België, Antwerpen, Antwerpen-Centrum",Huis,Historische pand,"12,500,000",5,"20.343,79 sqft"
399,"Huis, Kopen | België, Antwerpen, Antwerpen-Centrum",Huis,Historische pand,"12,500,000",5,"20.343,79 sqft"
400,"Huis, Kopen | België, Antwerpen, Antwerpen-Centrum",Huis,Historische pand,"12,500,000",5,"20.343,79 sqft"
401,"Huis, Kopen | België, Antwerpen, Antwerpen-Centrum",Huis,Historische pand,"12,500,000",5,"20.343,79 sqft"
402,"Huis, Kopen | België, Antwerpen, Antwerpen-Centrum",Huis,Historische pand,"12,500,000",5,"20.343,79 sqft"
403,"Huis, Kopen | België, Antwerpen, Antwerpen-Centrum",Huis,Historische pand,"12,500,000",5,"20.343,79 sqft"
404,"Huis, Kopen | België, Antwerpen, Antwerpen-Centrum",Huis,Historische pand,"12,500,000",5,"20.343,79 sqft"
405,"Huis, Kopen | België, Antwerpen, Antwerpen-Centrum",Huis,Historische pand,"12,500,000",5,"20.343,79 sqft"
406,"Huis, Kopen | België, Antwerpen, Antwerpen-Centrum",Huis,Historische pand,"12,500,000",5,"20.343,79 sqft"
407,"Huis, Kopen | België, Antwerpen, Antwerpen-Centrum",Huis,Historische pand,"12,500,000",5,"20.343,79 sqft"
408,"Huis, Kopen | België, Antwerpen, Antwerpen-Centrum",Huis,Historische pand,"12,500,000",5,"20.343,79 sqft"
409,"Huis, Kopen | België, Antwerpen, Antwerpen-Centrum",Huis,Historische pand,"12,500,000",5,"20.343,79 sqft"
410,"Huis, Kopen | België, Antwerpen, Antwerpen-Centrum",Huis,Historische pand,"12,500,000",5,"20.343,79 sqft"
411,"Huis, Kopen | België, Antwerpen, Antwerpen-Centrum",Huis,Historische pand,"12,500,000",5,"20.343,79 sqft"
412,"Huis, Kopen | België, Antwerpen, Antwerpen-Centrum",Huis,Historische pand,"12,500,000",5,"20.343,79 sqft"
413,"Huis, Kopen | België, Antwerpen, Antwerpen-Centrum",Huis,Historische pand,"12,500,000",5,"20.343,79 sqft"
414,"Huis, Kopen | België, Antwerpen, Antwerpen-Centrum",Huis,Historische pand,"12,500,000",5,"20.343,79 sqft"
415,"Huis, Kopen | België, Antwerpen, Antwerpen-Centrum",Huis,Historische pand,"12,500,000",5,"20.343,79 sqft"
416,"Huis, Kopen | België, Antwerpen, Antwerpen-Centrum",Huis,Historische pand,"12,500,000",5,"20.343,79 sqft"
417,"Huis, Kopen | België, Antwerpen, Antwerpen-Centrum",Huis,Historische pand,"12,500,000",5,"20.343,79 sqft"
418,"Huis, Kopen | België, Antwerpen, Antwerpen-Centrum",Huis,Historische pand,"12,500,000",5,"20.343,79 sqft"
419,"Huis, Kopen | België, Antwerpen, Antwerpen-Centrum",Huis,Historische pand,"12,500,000",5,"20.343,79 sqft"
420,"Huis, Kopen | België, Antwerpen, Antwerpen-Centrum",Huis,Historische pand,"12,500,000",5,"20.343,79 sqft"
421,"Huis, Kopen | België, Antwerpen, Antwerpen-Centrum",Huis,Historische pand,"12,500,000",5,"20.343,79 sqft"
422,"Huis, Kopen | België, Antwerpen, Antwerpen-Centrum",Huis,Historische pand,"12,500,000",5,"20.343,79 sqft"
423,"Huis, Kopen | België, Antwerpen, Antwerpen-Centrum",Huis,Historische pand,"12,500,000",5,"20.343,79 sqft"
424,"Huis, Kopen | België, Antwerpen, Antwerpen-Centrum",Huis,Historische pand,"12,500,000",5,"20.343,79 sqft"
425,"Huis, Kopen | België, Antwerpen, Antwerpen-Centrum",Huis,Historische pand,"12,500,000",5,"20.343,79 sqft"
426,"Huis, Kopen | België, Antwerpen, Antwerpen-Centrum",Huis,Historische pand,"12,500,000",5,"20.343,79 sqft"
427,"Huis, Kopen | België, Antwerpen, Antwerpen-Centrum",Huis,Historische pand,"12,500,000",5,"20.343,79 sqft"
428,"Huis, Kopen | België, Antwerpen, Antwerpen-Centrum",Huis,Historische pand,"12,500,000",5,"20.343,79 sqft"
429,"Huis, Kopen | België, Antwerpen, Antwerpen-Centrum",Huis,Historische pand,"12,500,000",5,"20.343,79 sqft"
430,"Huis, Kopen | België, Antwerpen, Antwerpen-Centrum",Huis,Historische pand,"12,500,000",5,"20.343,79 sqft"
431,"Huis, Kopen | België, Antwerpen, Antwerpen-Centrum",Huis,Historische pand,"12,500,000",5,"20.343,79 sqft"
432,"Huis, Kopen | België, Antwerpen, Antwerpen-Centrum",Huis,Historische pand,"12,500,000",5,"20.343,79 sqft"
433,"Huis, Kopen | België, Antwerpen, Antwerpen-Centrum",Huis,Historische pand,"12,500,000",5,"20.343,79 sqft"
434,"Huis, Kopen | België, Antwerpen, Antwerpen-Centrum",Huis,Historische pand,"12,500,000",5,"20.343,79 sqft"
435,"Huis, Kopen | België, Antwerpen, Antwerpen-Centrum",Huis,Historische pand,"12,500,000",5,"20.343,79 sqft"
436,"Huis, Kopen | België, Antwerpen, Antwerpen-Centrum",Huis,Historische pand,"12,500,000",5,"20.343,79 sqft"
437,"Huis, Kopen | België, Antwerpen, Antwerpen-Centrum",Huis,Historische pand,"12,500,000",5,"20.343,79 sqft"
438,"Huis, Kopen | België, Antwerpen, Antwerpen-Centrum",Huis,Historische pand,"12,500,000",5,"20.343,79 sqft"
439,"Huis, Kopen | België, Antwerpen, Antwerpen-Centrum",Huis,Historische pand,"12,500,000",5,"20.343,79 sqft"
440,"Huis, Kopen | België, Antwerpen, Antwerpen-Centrum",Huis,Historische pand,"12,500,000",5,"20.343,79 sqft"
441,"Huis, Kopen | België, Antwerpen, Antwerpen-Centrum",Huis,Historische pand,"12,500,000",5,"20.343,79 sqft"
442,"Huis, Kopen | België, Antwerpen, Antwerpen-Centrum",Huis,Historische pand,"12,500,000",5,"20.343,79 sqft"
443,"Huis, Kopen | België, Antwerpen, Antwerpen-Centrum",Huis,Historische pand,"12,500,000",5,"20.343,79 sqft"
444,"Huis, Kopen | België, Antwerpen, Antwerpen-Centrum",Huis,Historische pand,"12,500,000",5,"20.343,79 sqft"
445,"Huis, Kopen | België, Antwerpen, Antwerpen-Centrum",Huis,Historische pand,"12,500,000",5,"20.343,79 sqft"
446,"Huis, Kopen | België, Antwerpen, Antwerpen-Centrum",Huis,Historische pand,"12,500,000",5,"20.343,79 sqft"
447,"Huis, Kopen | België, Antwerpen, Antwerpen-Centrum",Huis,Historische pand,"12,500,000",5,"20.343,79 sqft"
448,"Huis, Kopen | België, Antwerpen, Antwerpen-Centrum",Huis,Historische pand,"12,500,000",5,"20.343,79 sqft"
449,"Huis, Kopen | België, Antwerpen, Antwerpen-Centrum",Huis,Historische pand,"12,500,000",5,"20.343,79 sqft"
450,"Huis, Kopen | België, Antwerpen, Antwerpen-Centrum",Huis,Historische pand,"12,500,000",5,"20.343,79 sqft"
451,"Huis, Kopen | België, Antwerpen, Antwerpen-Centrum",Huis,Historische pand,"12,500,000",5,"20.343,79 sqft"
452,"Huis, Kopen | België, Antwerpen, Antwerpen-Centrum",Huis,Historische pand,"12,500,000",5,"20.343,79 sqft"
453,"Huis, Kopen | België, Antwerpen, Antwerpen-Centrum",Huis,Historische pand,"12,500,000",5,"20.343,79 sqft"
454,"Huis, Kopen | België, Antwerpen, Antwerpen-Centrum",Huis,Historische pand,"12,500,000",5,"20.343,79 sqft"
455,"Huis, Kopen | België, Antwerpen, Antwerpen-Centrum",Huis,Historische pand,"12,500,000",5,"20.343,79 sqft"
456,"Huis, Kopen | België, Antwerpen, Antwerpen-Centrum",Huis,Historische pand,"12,500,000",5,"20.343,79 sqft"
457,"Huis, Kopen | België, Antwerpen, Antwerpen-Centrum",Huis,Historische pand,"12,500,000",5,"20.343,79 sqft"
458,"Huis, Kopen | België, Antwerpen, Antwerpen-Centrum",Huis,Historische pand,"12,500,000",5,"20.343,79 sqft"
459,"Huis, Kopen | België, Antwerpen, Antwerpen-Centrum",Huis,Historische pand,"12,500,000",5,"20.343,79 sqft"
460,"Huis, Kopen | België, Antwerpen, Antwerpen-Centrum",Huis,Historische pand,"12,500,000",5,"20.343,79 sqft"
461,"Huis, Kopen | België, Antwerpen, Antwerpen-Centrum",Huis,Historische pand,"12,500,000",5,"20.343,79 sqft"
462,"Huis, Kopen | België, Antwerpen, Antwerpen-Centrum",Huis,Historische pand,"12,500,000",5,"20.343,79 sqft"
463,"Huis, Kopen | België, Antwerpen, Antwerpen-Centrum",Huis,Historische pand,"12,500,000",5,"20.343,79 sqft"
464,"Huis, Kopen | België, Antwerpen, Antwerpen-Centrum",Huis,Historische pand,"12,500,000",5,"20.343,79 sqft"
465,"Huis, Kopen | België, Antwerpen, Antwerpen-Centrum",Huis,Historische pand,"12,500,000",5,"20.343,79 sqft"
466,"Huis, Kopen | België, Antwerpen, Antwerpen-Centrum",Huis,Historische pand,"12,500,000",5,"20.343,79 sqft"
467,"Huis, Kopen | België, Antwerpen, Antwerpen-Centrum",Huis,Historische pand,"12,500,000",5,"20.343,79 sqft"
468,"Huis, Kopen | België, Antwerpen, Antwerpen-Centrum",Huis,Historische pand,"12,500,000",5,"20.343,79 sqft"
469,"Huis, Kopen | België, Antwerpen, Antwerpen-Centrum",Huis,Historische pand,"12,500,000",5,"20.343,79 sqft"
470,"Huis, Kopen | België, Antwerpen, Antwerpen-Centrum",Huis,Historische pand,"12,500,000",5,"20.343,79 sqft"
471,"Huis, Kopen | België, Antwerpen, Antwerpen-Centrum",Huis,Historische pand,"12,500,000",5,"20.343,79 sqft"
472,"Huis, Kopen | België, Antwerpen, Antwerpen-Centrum",Huis,Historische pand,"12,500,000",5,"20.343,79 sqft"
473,"Huis, Kopen | België, Antwerpen, Antwerpen-Centrum",Huis,Historische pand,"12,500,000",5,"20.343,79 sqft"
474,"Huis, Kopen | België, Antwerpen, Antwerpen-Centrum",Huis,Historische pand,"12,500,000",5,"20.343,79 sqft"
475,"Huis, Kopen | België, Antwerpen, Antwerpen-Centrum",Huis,Historische pand,"12,500,000",5,"20.343,79 sqft"
476,"Huis, Kopen | België, Antwerpen, Antwerpen-Centrum",Huis,Historische pand,"12,500,000",5,"20.343,79 sqft"
477,"Huis, Kopen | België, Antwerpen, Antwerpen-Centrum",Huis,Historische pand,"12,500,000",5,"20.343,79 sqft"
478,"Huis, Kopen | België, Antwerpen, Antwerpen-Centrum",Huis,Historische pand,"12,500,000",5,"20.343,79 sqft"
479,"Huis, Kopen | België, Antwerpen, Antwerpen-Centrum",Huis,Historische pand,"12,500,000",5,"20.343,79 sqft"
480,"Huis, Kopen | België, Antwerpen, Antwerpen-Centrum",Huis,Historische pand,"12,500,000",5,"20.343,79 sqft"
481,"Huis, Kopen | België, Antwerpen, Antwerpen-Centrum",Huis,Historische pand,"12,500,000",5,"20.343,79 sqft"
482,"Huis, Kopen | België, Antwerpen, Antwerpen-Centrum",Huis,Historische pand,"12,500,000",5,"20.343,79 sqft"
483,"Huis, Kopen | België, Antwerpen, Antwerpen-Centrum",Huis,Historische pand,"12,500,000",5,"20.343,79 sqft"
484,"Huis, Kopen | België, Antwerpen, Antwerpen-Centrum",Huis,Historische pand,"12,500,000",5,"20.343,79 sqft"
485,"Huis, Kopen | België, Antwerpen, Antwerpen-Centrum",Huis,Historische pand,"12,500,000",5,"20.343,79 sqft"
486,"Huis, Kopen | België, Antwerpen, Antwerpen-Centrum",Huis,Historische pand,"12,500,000",5,"20.343,79 sqft"
487,"Huis, Kopen | België, Antwerpen, Antwerpen-Centrum",Huis,Historische pand,"12,500,000",5,"20.343,79 sqft"
488,"Huis, Kopen | België, Antwerpen, Antwerpen-Centrum",Huis,Historische pand,"12,500,000",5,"20.343,79 sqft"
489,"Huis, Kopen | België, Antwerpen, Antwerpen-Centrum",Huis,Historische pand,"12,500,000",5,"20.343,79 sqft"
490,"Huis, Kopen | België, Antwerpen, Antwerpen-Centrum",Huis,Historische pand,"12,500,000",5,"20.343,79 sqft"
491,"Huis, Kopen | België, Antwerpen, Antwerpen-Centrum",Huis,Historische pand,"12,500,000",5,"20.343,79 sqft"
492,"Huis, Kopen | België, Antwerpen, Antwerpen-Centrum",Huis,Historische pand,"12,500,000",5,"20.343,79 sqft"
493,"Huis, Kopen | België, Antwerpen, Antwerpen-Centrum",Huis,Historische pand,"12,500,000",5,"20.343,79 sqft"
494,"Huis, Kopen | België, Antwerpen, Antwerpen-Centrum",Huis,Historische pand,"12,500,000",5,"20.343,79 sqft"
495,"Huis, Kopen | België, Antwerpen, Antwerpen-Centrum",Huis,Historische pand,"12,500,000",5,"20.343,79 sqft"
496,"Huis, Kopen | België, Antwerpen, Antwerpen-Centrum",Huis,Historische pand,"12,500,000",5,"20.343,79 sqft"
497,"Huis, Kopen | België, Antwerpen, Antwerpen-Centrum",Huis,Historische pand,"12,500,000",5,"20.343,79 sqft"
498,"Huis, Kopen | België, Antwerpen, Antwerpen-Centrum",Huis,Historische pand,"12,500,000",5,"20.343,79 sqft"
499,"Huis, Kopen | België, Antwerpen, Antwerpen-Centrum",Huis,Historische pand,"12,500,000",5,"20.343,79 sqft"
500,"Huis, Kopen | België, Antwerpen, Antwerpen-Centrum",Huis,Historische pand,"12,500,000",5,"20.343,79 sqft"
501,"Huis, Kopen | België, Antwerpen, Antwerpen-Centrum",Huis,Historische pand,"12,500,000",5,"20.343,79 sqft"
502,"Huis, Kopen | België, Antwerpen, Antwerpen-Centrum",Huis,Historische pand,"12,500,000",5,"20.343,79 sqft"
503,"Huis, Kopen | België, Antwerpen, Antwerpen-Centrum",Huis,Historische pand,"12,500,000",5,"20.343,79 sqft"
504,"Huis, Kopen | België, Antwerpen, Antwerpen-Centrum",Huis,Historische pand,"12,500,000",5,"20.343,79 sqft"
505,"Huis, Kopen | België, Antwerpen, Antwerpen-Centrum",Huis,Historische pand,"12,500,000",5,"20.343,79 sqft"
506,"Huis, Kopen | België, Antwerpen, Antwerpen-Centrum",Huis,Historische pand,"12,500,000",5,"20.343,79 sqft"
507,"Huis, Kopen | België, Antwerpen, Antwerpen-Centrum",Huis,Historische pand,"12,500,000",5,"20.343,79 sqft"
508,"Huis, Kopen | België, Antwerpen, Antwerpen-Centrum",Huis,Historische pand,"12,500,000",5,"20.343,79 sqft"
509,"Huis, Kopen | België, Antwerpen, Antwerpen-Centrum",Huis,Historische pand,"12,500,000",5,"20.343,79 sqft"
510,"Huis, Kopen | België, Antwerpen, Antwerpen-Centrum",Huis,Historische pand,"12,500,000",5,"20.343,79 sqft"
511,"Huis, Kopen | België, Antwerpen, Antwerpen-Centrum",Huis,Historische pand,"12,500,000",5,"20.343,79 sqft"
512,"Huis, Kopen | België, Antwerpen, Antwerpen-Centrum",Huis,Historische pand,"12,500,000",5,"20.343,79 sqft"
513,"Huis, Kopen | België, Antwerpen, Antwerpen-Centrum",Huis,Historische pand,"12,500,000",5,"20.343,79 sqft"
514,"Huis, Kopen | België, Antwerpen, Antwerpen-Centrum",Huis,Historische pand,"12,500,000",5,"20.343,79 sqft"
515,"Huis, Kopen | België, Antwerpen, Antwerpen-Centrum",Huis,Historische pand,"12,500,000",5,"20.343,79 sqft"
516,"Huis, Kopen | België, Antwerpen, Antwerpen-Centrum",Huis,Historische pand,"12,500,000",5,"20.343,79 sqft"
517,"Huis, Kopen | België, Antwerpen, Antwerpen-Centrum",Huis,Historische pand,"12,500,000",5,"20.343,79 sqft"
518,"Huis, Kopen | België, Antwerpen, Antwerpen-Centrum",Huis,Historische pand,"12,500,000",5,"20.343,79 sqft"
519,"Huis, Kopen | België, Antwerpen, Antwerpen-Centrum",Huis,Historische pand,"12,500,000",5,"20.343,79 sqft"
520,"Huis, Kopen | België, Antwerpen, Antwerpen-Centrum",Huis,Historische pand,"12,500,000",5,"20.343,79 sqft"
521,"Huis, Kopen | België, Antwerpen, Antwerpen-Centrum",Huis,Historische pand,"12,500,000",5,"20.343,79 sqft"
522,"Huis, Kopen | België, Antwerpen, Antwerpen-Centrum",Huis,Historische pand,"12,500,000",5,"20.343,79 sqft"
523,"Huis, Kopen | België, Antwerpen, Antwerpen-Centrum",Huis,Historische pand,"12,500,000",5,"20.343,79 sqft"
524,"Huis, Kopen | België, Antwerpen, Antwerpen-Centrum",Huis,Historische pand,"12,500,000",5,"20.343,79 sqft"
525,"Huis, Kopen | België, Antwerpen, Antwerpen-Centrum",Huis,Historische pand,"12,500,000",5,"20.343,79 sqft"
526,"Huis, Kopen | België, Antwerpen, Antwerpen-Centrum",Huis,Historische pand,"12,500,000",5,"20.343,79 sqft"
527,"Huis, Kopen | België, Antwerpen, Antwerpen-Centrum",Huis,Historische pand,"12,500,000",5,"20.343,79 sqft"
528,"Huis, Kopen | België, Antwerpen, Antwerpen-Centrum",Huis,Historische pand,"12,500,000",5,"20.343,79 sqft"
529,"Huis, Kopen | België, Antwerpen, Antwerpen-Centrum",Huis,Historische pand,"12,500,000",5,"20.343,79 sqft"
530,"Huis, Kopen | België, Antwerpen, Antwerpen-Centrum",Huis,Historische pand,"12,500,000",5,"20.343,79 sqft"
531,"Huis, Kopen | België, Antwerpen, Antwerpen-Centrum",Huis,Historische pand,"12,500,000",5,"20.343,79 sqft"
532,"Huis, Kopen | België, Antwerpen, Antwerpen-Centrum",Huis,Historische pand,"12,500,000",5,"20.343,79 sqft"
533,"Huis, Kopen | België, Antwerpen, Antwerpen-Centrum",Huis,Historische pand,"12,500,000",5,"20.343,79 sqft"
534,"Huis, Kopen | België, Antwerpen, Antwerpen-Centrum",Huis,Historische pand,"12,500,000",5,"20.343,79 sqft"
535,"Huis, Kopen | België, Antwerpen, Antwerpen-Centrum",Huis,Historische pand,"12,500,000",5,"20.343,79 sqft"
536,"Huis, Kopen | België, Antwerpen, Antwerpen-Centrum",Huis,Historische pand,"12,500,000",5,"20.343,79 sqft"
537,"Huis, Kopen | België, Antwerpen, Antwerpen-Centrum",Huis,Historische pand,"12,500,000",5,"20.343,79 sqft"
538,"Huis, Kopen | België, Antwerpen, Antwerpen-Centrum",Huis,Historische pand,"12,500,000",5,"20.343,79 sqft"
539,"Huis, Kopen | België, Antwerpen, Antwerpen-Centrum",Huis,Historische pand,"12,500,000",5,"20.343,79 sqft"
540,"Huis, Kopen | België, Antwerpen, Antwerpen-Centrum",Huis,Historische pand,"12,500,000",5,"20.343,79 sqft"
541,"Huis, Kopen | België, Antwerpen, Antwerpen-Centrum",Huis,Historische pand,"12,500,000",5,"20.343,79 sqft"
542,"Huis, Kopen | België, Antwerpen, Antwerpen-Centrum",Huis,Historische pand,"12,500,000",5,"20.343,79 sqft"
543,"Huis, Kopen | België, Antwerpen, Antwerpen-Centrum",Huis,Historische pand,"12,500,000",5,"20.343,79 sqft"
544,"Huis, Kopen | België, Antwerpen, Antwerpen-Centrum",Huis,Historische pand,"12,500,000",5,"20.343,79 sqft"
545,"Huis, Kopen | België, Antwerpen, Antwerpen-Centrum",Huis,Historische pand,"12,500,000",5,"20.343,79 sqft"
546,"Huis, Kopen | België, Antwerpen, Antwerpen-Centrum",Huis,Historische pand,"12,500,000",5,"20.343,79 sqft"
547,"Huis, Kopen | België, Antwerpen, Antwerpen-Centrum",Huis,Historische pand,"12,500,000",5,"20.343,79 sqft"
548,"Huis, Kopen | België, Antwerpen, Antwerpen-Centrum",Huis,Historische pand,"12,500,000",5,"20.343,79 sqft"
549,"Huis, Kopen | België, Antwerpen, Antwerpen-Centrum",Huis,Historische pand,"12,500,000",5,"20.343,79 sqft"
550,"Huis, Kopen | België, Antwerpen, Antwerpen-Centrum",Huis,Historische pand,"12,500,000",5,"20.343,79 sqft"
551,"Huis, Kopen | België, Antwerpen, Antwerpen-Centrum",Huis,Historische pand,"12,500,000",5,"20.343,79 sqft"
552,"Huis, Kopen | België, Antwerpen, Antwerpen-Centrum",Huis,Historische pand,"12,500,000",5,"20.343,79 sqft"
553,"Huis, Kopen | België, Antwerpen, Antwerpen-Centrum",Huis,Historische pand,"12,500,000",5,"20.343,79 sqft"
554,"Huis, Kopen | België, Antwerpen, Antwerpen-Centrum",Huis,Historische pand,"12,500,000",5,"20.343,79 sqft"
555,"Huis, Kopen | België, Antwerpen, Antwerpen-Centrum",Huis,Historische pand,"12,500,000",5,"20.343,79 sqft"
556,"Huis, Kopen | België, Antwerpen, Antwerpen-Centrum",Huis,Historische pand,"12,500,000",5,"20.343,79 sqft"
557,"Huis, Kopen | België, Antwerpen, Antwerpen-Centrum",Huis,Historische pand,"12,500,000",5,"20.343,79 sqft"
558,"Huis, Kopen | België, Antwerpen, Antwerpen-Centrum",Huis,Historische pand,"12,500,000",5,"20.343,79 sqft"
559,"Huis, Kopen | België, Antwerpen, Antwerpen-Centrum",Huis,Historische pand,"12,500,000",5,"20.343,79 sqft"
560,"Huis, Kopen | België, Antwerpen, Antwerpen-Centrum",Huis,Historische pand,"12,500,000",5,"20.343,79 sqft"
561,"Huis, Kopen | België, Antwerpen, Antwerpen-Centrum",Huis,Historische pand,"12,500,000",5,"20.343,79 sqft"
562,"Huis, Kopen | België, Antwerpen, Antwerpen-Centrum",Huis,Historische pand,"12,500,000",5,"20.343,79 sqft"
563,"Huis, Kopen | België, Antwerpen, Antwerpen-Centrum",Huis,Historische pand,"12,500,000",5,"20.343,79 sqft"
564,"Huis, Kopen | België, Antwerpen, Antwerpen-Centrum",Huis,Historische pand,"12,500,000",5,"20.343,79 sqft"
565,"Huis, Kopen | België, Antwerpen, Antwerpen-Centrum",Huis,Historische pand,"12,500,000",5,"20.343,79 sqft"
566,"Huis, Kopen | België, Antwerpen, Antwerpen-Centrum",Huis,Historische pand,"12,500,000",5,"20.343,79 sqft"
567,"Huis, Kopen | België, Antwerpen, Antwerpen-Centrum",Huis,Historische pand,"12,500,000",5,"20.343,79 sqft"
568,"Huis, Kopen | België, Antwerpen, Antwerpen-Centrum",Huis,Historische pand,"12,500,000",5,"20.343,79 sqft"
569,"Huis, Kopen | België, Antwerpen, Antwerpen-Centrum",Huis,Historische pand,"12,500,000",5,"20.343,79 sqft"
570,"Huis, Kopen | België, Antwerpen, Antwerpen-Centrum",Huis,Historische pand,"12,500,000",5,"20.343,79 sqft"
571,"Huis, Kopen | België, Antwerpen, Antwerpen-Centrum",Huis,Historische pand,"12,500,000",5,"20.343,79 sqft"
572,"Huis, Kopen | België, Antwerpen, Antwerpen-Centrum",Huis,Historische pand,"12,500,000",5,"20.343,79 sqft"
573,"Huis, Kopen | België, Antwerpen, Antwerpen-Centrum",Huis,Historische pand,"12,500,000",5,"20.343,79 sqft"
574,"Huis, Kopen | België, Antwerpen, Antwerpen-Centrum",Huis,Historische pand,"12,500,000",5,"20.343,79 sqft"
575,"Huis, Kopen | België, Antwerpen, Antwerpen-Centrum",Huis,Historische pand,"12,500,000",5,"20.343,79 sqft"
576,"Huis, Kopen | België, Antwerpen, Antwerpen-Centrum",Huis,Historische pand,"12,500,000",5,"20.343,79 sqft"
577,"Huis, Kopen | België, Antwerpen, Antwerpen-Centrum",Huis,Historische pand,"12,500,000",5,"20.343,79 sqft"
578,"Huis, Kopen | België, Antwerpen, Antwerpen-Centrum",Huis,Historische pand,"12,500,000",5,"20.343,79 sqft"
579,"Huis, Kopen | België, Antwerpen, Antwerpen-Centrum",Huis,Historische pand,"12,500,000",5,"20.343,79 sqft"
580,"Huis, Kopen | België, Antwerpen, Antwerpen-Centrum",Huis,Historische pand,"12,500,000",5,"20.343,79 sqft"
581,"Huis, Kopen | België, Antwerpen, Antwerpen-Centrum",Huis,Historische pand,"12,500,000",5,"20.343,79 sqft"
582,"Huis, Kopen | België, Antwerpen, Antwerpen-Centrum",Huis,Historische pand,"12,500,000",5,"20.343,79 sqft"
583,"Huis, Kopen | België, Antwerpen, Antwerpen-Centrum",Huis,Historische pand,"12,500,000",5,"20.343,79 sqft"
584,"Huis, Kopen | België, Antwerpen, Antwerpen-Centrum",Huis,Historische pand,"12,500,000",5,"20.343,79 sqft"
585,"Huis, Kopen | België, Antwerpen, Antwerpen-Centrum",Huis,Historische pand,"12,500,000",5,"20.343,79 sqft"
586,"Huis, Kopen | België, Antwerpen, Antwerpen-Centrum",Huis,Historische pand,"12,500,000",5,"20.343,79 sqft"
587,"Huis, Kopen | België, Antwerpen, Antwerpen-Centrum",Huis,Historische pand,"12,500,000",5,"20.343,79 sqft"
588,"Huis, Kopen | België, Antwerpen, Antwerpen-Centrum",Huis,Historische pand,"12,500,000",5,"20.343,79 sqft"
589,"Huis, Kopen | België, Antwerpen, Antwerpen-Centrum",Huis,Historische pand,"12,500,000",5,"20.343,79 sqft"
590,"Huis, Kopen | België, Antwerpen, Antwerpen-Centrum",Huis,Historische pand,"12,500,000",5,"20.343,79 sqft"
591,"Huis, Kopen | België, Antwerpen, Antwerpen-Centrum",Huis,Historische pand,"12,500,000",5,"20.343,79 sqft"
592,"Huis, Kopen | België, Antwerpen, Antwerpen-Centrum",Huis,Historische pand,"12,500,000",5,"20.343,79 sqft"
593,"Huis, Kopen | België, Antwerpen, Antwerpen-Centrum",Huis,Historische pand,"12,500,000",5,"20.343,79 sqft"
594,"Huis, Kopen | België, Antwerpen, Antwerpen-Centrum",Huis,Historische pand,"12,500,000",5,"20.343,79 sqft"
595,"Huis, Kopen | België, Antwerpen, Antwerpen-Centrum",Huis,Historische pand,"12,500,000",5,"20.343,79 sqft"
596,"Huis, Kopen | België, Antwerpen, Antwerpen-Centrum",Huis,Historische pand,"12,500,000",5,"20.343,79 sqft"
597,"Huis, Kopen | België, Antwerpen, Antwerpen-Centrum",Huis,Historische pand,"12,500,000",5,"20.343,79 sqft"
598,"Huis, Kopen | België, Antwerpen, Antwerpen-Centrum",Huis,Historische pand,"12,500,000",5,"20.343,79 sqft"
599,"Huis, Kopen | België, Antwerpen, Antwerpen-Centrum",Huis,Historische pand,"12,500,000",5,"20.343,79 sqft"
600,"Huis, Kopen | België, Antwerpen, Antwerpen-Centrum",Huis,Historische pand,"12,500,000",5,"20.343,79 sqft"
601,"Huis, Kopen | België, Antwerpen, Antwerpen-Centrum",Huis,Historische pand,"12,500,000",5,"20.343,79 sqft"
602,"Huis, Kopen | België, Antwerpen, Antwerpen-Centrum",Huis,Historische pand,"12,500,000",5,"20.343,79 sqft"
603,"Huis, Kopen | België, Antwerpen, Antwerpen-Centrum",Huis,Historische pand,"12,500,000",5,"20.343,79 sqft"
604,"Huis, Kopen | België, Antwerpen, Antwerpen-Centrum",Huis,Historische pand,"12,500,000",5,"20.343,79 sqft"
605,"Huis, Kopen | België, Antwerpen, Antwerpen-Centrum",Huis,Historische pand,"12,500,000",5,"20.343,79 sqft"
606,"Huis, Kopen | België, Antwerpen, Antwerpen-Centrum",Huis,Historische pand,"12,500,000",5,"20.343,79 sqft"
607,"Huis, Kopen | België, Antwerpen, Antwerpen-Centrum",Huis,Historische pand,"12,500,000",5,"20.343,79 sqft"
608,"Huis, Kopen | België, Antwerpen, Antwerpen-Centrum",Huis,Historische pand,"12,500,000",5,"20.343,79 sqft"
609,"Huis, Kopen | België, Antwerpen, Antwerpen-Centrum",Huis,Historische pand,"12,500,000",5,"20.343,79 sqft"
610,"Huis, Kopen | België, Antwerpen, Antwerpen-Centrum",Huis,Historische pand,"12,500,000",5,"20.343,79 sqft"
611,"Huis, Kopen | België, Antwerpen, Antwerpen-Centrum",Huis,Historische pand,"12,500,000",5,"20.343,79 sqft"
612,"Huis, Kopen | België, Antwerpen, Antwerpen-Centrum",Huis,Historische pand,"12,500,000",5,"20.343,79 sqft"
613,"Huis, Kopen | België, Antwerpen, Antwerpen-Centrum",Huis,Historische pand,"12,500,000",5,"20.343,79 sqft"
614,"Huis, Kopen | België, Antwerpen, Antwerpen-Centrum",Huis,Historische pand,"12,500,000",5,"20.343,79 sqft"
615,"Huis, Kopen | België, Antwerpen, Antwerpen-Centrum",Huis,Historische pand,"12,500,000",5,"20.343,79 sqft"
616,"Huis, Kopen | België, Antwerpen, Antwerpen-Centrum",Huis,Historische pand,"12,500,000",5,"20.343,79 sqft"
617,"Huis, Kopen | België, Antwerpen, Antwerpen-Centrum",Huis,Historische pand,"12,500,000",5,"20.343,79 sqft"
618,"Huis, Kopen | België, Antwerpen, Antwerpen-Centrum",Huis,Historische pand,"12,500,000",5,"20.343,79 sqft"
619,"Huis, Kopen | België, Antwerpen, Antwerpen-Centrum",Huis,Historische pand,"12,500,000",5,"20.343,79 sqft"
620,"Huis, Kopen | België, Antwerpen, Antwerpen-Centrum",Huis,Historische pand,"12,500,000",5,"20.343,79 sqft"
621,"Huis, Kopen | België, Antwerpen, Antwerpen-Centrum",Huis,Historische pand,"12,500,000",5,"20.343,79 sqft"
622,"Huis, Kopen | België, Antwerpen, Antwerpen-Centrum",Huis,Historische pand,"12,500,000",5,"20.343,79 sqft"
623,"Huis, Kopen | België, Antwerpen, Antwerpen-Centrum",Huis,Historische pand,"12,500,000",5,"20.343,79 sqft"
624,"Huis, Kopen | België, Antwerpen, Antwerpen-Centrum",Huis,Historische pand,"12,500,000",5,"20.343,79 sqft"
625,"Huis, Kopen | België, Antwerpen, Antwerpen-Centrum",Huis,Historische pand,"12,500,000",5,"20.343,79 sqft"
626,"Huis, Kopen | België, Antwerpen, Antwerpen-Centrum",Huis,Historische pand,"12,500,000",5,"20.343,79 sqft"
627,"Huis, Kopen | België, Antwerpen, Antwerpen-Centrum",Huis,Historische pand,"12,500,000",5,"20.343,79 sqft"
628,"Huis, Kopen | België, Antwerpen, Antwerpen-Centrum",Huis,Historische pand,"12,500,000",5,"20.343,79 sqft"
629,"Huis, Kopen | België, Antwerpen, Antwerpen-Centrum",Huis,Historische pand,"12,500,000",5,"20.343,79 sqft"
630,"Huis, Kopen | België, Antwerpen, Antwerpen-Centrum",Huis,Historische pand,"12,500,000",5,"20.343,79 sqft"
631,"Huis, Kopen | België, Antwerpen, Antwerpen-Centrum",Huis,Historische pand,"12,500,000",5,"20.343,79 sqft"
632,"Huis, Kopen | België, Antwerpen, Antwerpen-Centrum",Huis,Historische pand,"12,500,000",5,"20.343,79 sqft"
